Model,MAE,RMSE,R2,MAPE%,SMAPE%,PoissonDev
XGB(Poisson),4.18641953488649,7.80271549817701,0.4593698198104398,44077801340.66982,96.87884280538847,4.011057762781076
HistGB,4.262628992544543,8.165963324948493,0.4078611003864707,49434399985.57479,94.17386790641442,4.152623116976316
RF,4.968365019011407,9.030432478680451,0.2758544910969779,71127798994.86185,96.70470869816779,5.17175366482842
PoissonReg,14.215036088490043,15.504742930515507,-1.1347050728988983,453404393852.9497,134.88405818302854,21.124907852036287
