Model,MAE,RMSE,R2,MAPE%,SMAPE%,PoissonDev
XGB(Poisson),0.08782776196797688,0.12922566844918137,0.0,8.782776196797688,8.028655294843391,0.014642083667532871
RF,0.29777777777777775,0.3455403712276587,0.0,29.777777777777775,24.88526260815407,0.09299409418500144
HistGB,0.4150069608090942,0.42039336886135104,0.0,41.50069608090942,34.23974490533224,0.13802272864240286
PoissonReg,0.8640264141973627,0.8694482785652308,0.0,86.40264141973627,60.17934520850815,0.4852306645883105
