Model,AP,ROC_AUC
LogReg,0.08258258258258258,0.9698897370653097
RF,0.07181707181707182,0.9677692960135708
XGBClassifier,0.042705222903242704,0.9266327396098389
